{"Apple, Black Rot": {"precision": 1.0, "recall": 1.0, "f1-score": 1.0, "support": 124}, "Apple, Cedar Rust": {"precision": 1.0, "recall": 1.0, "f1-score": 1.0, "support": 40}, "Apple, Healthy": {"precision": 0.9905362776025236, "recall": 1.0, "f1-score": 0.9952456418383517, "support": 314}, "Apple, Scab": {"precision": 0.9821428571428571, "recall": 0.990990990990991, "f1-score": 0.9865470852017937, "support": 111}, "Bell Pepper, Bacterial Spot": {"precision": 1.0, "recall": 1.0, "f1-score": 1.0, "support": 184}, "Bell Pepper, Healthy": {"precision": 1.0, "recall": 1.0, "f1-score": 1.0, "support": 280}, "Blueberry, Healthy": {"precision": 0.9965034965034965, "recall": 1.0, "f1-score": 0.9982486865148862, "support": 285}, "Cherry, Healthy": {"precision": 1.0, "recall": 0.9870967741935484, "f1-score": 0.9935064935064934, "support": 155}, "Cherry, Powdery Mildew": {"precision": 0.9948979591836735, "recall": 1.0, "f1-score": 0.9974424552429668, "support": 195}, "Grape, Black Rot": {"precision": 0.9910313901345291, "recall": 1.0, "f1-score": 0.9954954954954954, "support": 221}, "Grape, Esca": {"precision": 1.0, "recall": 0.9923371647509579, "f1-score": 0.9961538461538463, "support": 261}, "Grape, Healthy": {"precision": 1.0, "recall": 1.0, "f1-score": 1.0, "support": 69}, "Grape, Leaf Blight": {"precision": 1.0, "recall": 1.0, "f1-score": 1.0, "support": 200}, "Maize, Cercospora Leaf Spot": {"precision": 0.9550561797752809, "recall": 0.9770114942528736, "f1-score": 0.9659090909090908, "support": 87}, "Maize, Common Rust": {"precision": 1.0, "recall": 1.0, "f1-score": 1.0, "support": 223}, "Maize, Healthy": {"precision": 1.0, "recall": 1.0, "f1-score": 1.0, "support": 217}, "Maize, Northern Blight": {"precision": 0.9888888888888889, "recall": 0.978021978021978, "f1-score": 0.9834254143646408, "support": 182}, "Orange, Citrus Greening": {"precision": 1.0, "recall": 1.0, "f1-score": 1.0, "support": 1086}, "Peach, Bacterial Spot": {"precision": 0.9977528089887641, "recall": 1.0, "f1-score": 0.998875140607424, "support": 444}, "Peach, Healthy": {"precision": 1.0, "recall": 1.0, "f1-score": 1.0, "support": 52}, "Potato, Early Blight": {"precision": 1.0, "recall": 1.0, "f1-score": 1.0, "support": 185}, "Potato, Healthy": {"precision": 1.0, "recall": 0.95, "f1-score": 0.9743589743589743, "support": 20}, "Potato, Late Blight": {"precision": 1.0, "recall": 1.0, "f1-score": 1.0, "support": 185}, "Raspberry, Healthy": {"precision": 1.0, "recall": 1.0, "f1-score": 1.0, "support": 59}, "Soybean, Healthy": {"precision": 0.998015873015873, "recall": 0.998015873015873, "f1-score": 0.998015873015873, "support": 1008}, "Squash, Powdery mildew": {"precision": 1.0, "recall": 1.0, "f1-score": 1.0, "support": 357}, "Strawberry, Healthy": {"precision": 1.0, "recall": 1.0, "f1-score": 1.0, "support": 81}, "Strawberry, Leaf Scorch": {"precision": 1.0, "recall": 1.0, "f1-score": 1.0, "support": 211}, "Tomato, Bacterial Spot": {"precision": 1.0, "recall": 0.9975903614457832, "f1-score": 0.9987937273823884, "support": 415}, "Tomato, Early Blight": {"precision": 1.0, "recall": 1.0, "f1-score": 1.0, "support": 190}, "Tomato, Healthy": {"precision": 0.9967637540453075, "recall": 1.0, "f1-score": 0.9983792544570502, "support": 308}, "Tomato, Late Blight": {"precision": 0.9972826086956522, "recall": 0.9892183288409704, "f1-score": 0.9932341001353181, "support": 371}, "Tomato, Leaf Mold": {"precision": 1.0, "recall": 0.9944444444444445, "f1-score": 0.9972144846796658, "support": 180}, "Tomato, Mosaic Virus": {"precision": 1.0, "recall": 1.0, "f1-score": 1.0, "support": 64}, "Tomato, Septoria Leaf Spot": {"precision": 0.997093023255814, "recall": 0.997093023255814, "f1-score": 0.997093023255814, "support": 344}, "Tomato, Spider Mites": {"precision": 0.9969040247678018, "recall": 0.9907692307692307, "f1-score": 0.9938271604938271, "support": 325}, "Tomato, Target Spot": {"precision": 0.996268656716418, "recall": 0.9888888888888889, "f1-score": 0.9925650557620819, "support": 270}, "Tomato, Yellow Leaf Curl Virus": {"precision": 0.996244131455399, "recall": 1.0, "f1-score": 0.9981185324553152, "support": 1061}, "micro avg": {"precision": 0.9973948282516403, "recall": 0.9973948282516403, "f1-score": 0.9973948282516403, "support": 10364}, "macro avg": {"precision": 0.9967205771097967, "recall": 0.9955652250755621, "f1-score": 0.9961170930481921, "support": 10364}, "weighted avg": {"precision": 0.9974082544956115, "recall": 0.9973948282516403, "f1-score": 0.9973942740533202, "support": 10364}}