{"epoch": 32, "val_loss": 0.017328126971425842, "val_acc": 0.9951508620689655, "loss": 0.0008124767553263789, "acc": 0.9998183139534884, "epochs": 100}