{"val_loss": [0.0007224012192950638, 0.0008218046364065451], "val_acc": [1.0, 1.0], "loss": [0.0012996171852660684, 0.00158966725468297], "acc": [0.9996366279069767, 0.9998183139534884]}