{"val_loss": [0.005994814766738492, 0.021037079509483192, 0.012030135877753976], "val_acc": [0.9962284482758621, 0.9956896551724138, 0.9956896551724138], "loss": [0.00037744723442954657, 0.0010554651337586589, 0.0006863827601681657], "acc": [1.0, 0.9998183139534884, 0.9998183139534884]}