{"val_loss": [0.02364475706480107, 0.015004189999195436, 0.007466121596456984, 0.013552775437497938, 0.01620741182863579, 0.003151562796794604, 0.024585201267396332, 0.00860878516882455, 0.027653948357057395, 0.03432512320357031, 0.015317655981616623, 0.008663579198684174, 0.002309114381078373, 0.015305243187728577, 0.0012760897959925585, 0.0117741774229334, 0.028351830829080635, 0.01941363611066318, 0.0033577524091911097, 0.01449089072987101, 0.003963193420813519, 0.006608872539989511, 0.0224631034441196, 0.014876370850797377, 0.03082803557033693, 0.021616983349042634, 0.0033239181287099437, 0.009976353971645605, 0.019519416443532143, 0.014473229747566577, 0.02060486182122841, 0.008249551976085456, 0.0021146658094152036, 0.015022747219479148, 0.01703335346234304, 0.020519526457900287, 0.022250076863060554, 0.006072488471858959, 0.008525055179319452, 0.017773892742608582, 0.011748422018507948, 0.02575982622084771, 0.006483880825267646, 0.014482093831618229, 0.015742684052387424, 0.012343293065540672, 0.016281250559125906, 0.019694858525310537, 0.008285631933845908, 0.013191147740194498, 0.014060858012723935, 0.00801362176492592, 0.01441346328970222, 0.025561816980348047, 0.004975317773836805, 0.02054856668264463, 0.013192100407758532, 0.01912058679242632, 0.015218226927373735, 0.014632578371312622, 0.011880243534319462, 0.014293936119766069, 0.015893095866153305, 0.024677296017033307, 0.018807904730176826, 0.01328865758437759, 0.014444511215885594, 0.015185202542887776, 0.011358706749028369, 0.01904849465915689, 0.0019473661177944483, 0.003715484515927085, 0.034727502964317175, 0.009834216239692863, 0.018202470599661316, 0.012321733225229281, 0.020051070871735695, 0.012847124501411586, 0.0012718045038736564, 0.026710420400356788, 0.018256457256849844, 0.014284305884507572, 0.020991684337638386, 0.0038700002869907933, 0.012250783202614812, 0.016912962393304504, 0.004298670644945544, 0.013152745573193635, 0.02711503312706778, 0.01079839511068812, 0.02453058682751503, 0.01672221402952874, 0.007287102899957373, 0.006847830250695469, 0.016007564327070695, 0.008490507551211467, 0.026209671391999846, 0.0030215832521986777, 0.012371376759332291, 0.021025621417834373], "val_acc": [0.9956896551724138, 0.9978448275862069, 0.9978448275862069, 0.9983836206896551, 0.9972647702407003, 0.9989224137931034, 0.9956896551724138, 0.9978448275862069, 0.9962284482758621, 0.9956236323851203, 0.9973060344827587, 0.9983836206896551, 0.9994612068965517, 0.9956896551724138, 0.99945295404814, 0.9973060344827587, 0.9967672413793104, 0.9967672413793104, 0.9989059080962801, 0.9967672413793104, 0.9983836206896551, 0.9989224137931034, 0.9962284482758621, 0.9983588621444202, 0.9962284482758621, 0.9962284482758621, 0.9989224137931034, 0.9967672413793104, 0.9983588621444202, 0.9978448275862069, 0.9967672413793104, 0.9978448275862069, 0.99945295404814, 0.9983836206896551, 0.9967672413793104, 0.9956896551724138, 0.9973060344827587, 0.9983588621444202, 0.9973060344827587, 0.9967672413793104, 0.9978448275862069, 0.9962284482758621, 0.9972647702407003, 0.9983836206896551, 0.9978448275862069, 0.9983836206896551, 0.9978118161925602, 0.9967672413793104, 0.9994612068965517, 0.9967672413793104, 0.9962284482758621, 0.9972647702407003, 0.9973060344827587, 0.9946120689655172, 0.9978448275862069, 0.9967672413793104, 0.9983588621444202, 0.9973060344827587, 0.9983836206896551, 0.9967672413793104, 0.9983588621444202, 0.9978448275862069, 0.9983836206896551, 0.9956896551724138, 0.9973060344827587, 0.9967177242888403, 0.9983836206896551, 0.9973060344827587, 0.9983836206896551, 0.9967672413793104, 0.9989059080962801, 0.9983836206896551, 0.9956896551724138, 0.9983836206896551, 0.9956896551724138, 0.9978118161925602, 0.9967672413793104, 0.9973060344827587, 0.9994612068965517, 0.9961706783369803, 0.9978448275862069, 0.9973060344827587, 0.9967672413793104, 0.9989224137931034, 0.9967177242888403, 0.9978448275862069, 0.9983836206896551, 0.9978448275862069, 0.9962284482758621, 0.9983588621444202, 0.9946120689655172, 0.9983836206896551, 0.9994612068965517, 0.9978118161925602, 0.9983836206896551, 0.9989224137931034, 0.9946120689655172, 0.9989224137931034, 0.9956236323851203, 0.9973060344827587], "loss": [0.00011645797568637669, 7.447130124784294e-05, 9.839269775394648e-05, 0.0001263998349653158, 8.208884717038378e-05, 0.0002446835327388996, 8.513135130230435e-05, 0.00035886590887391947, 0.00011655881792772471, 0.0003176988658070688, 0.00015824600161839806, 0.00013131429774783796, 0.00018569712026462402, 0.00024198634490693659, 0.0001059110110964221, 8.236880377013634e-05, 8.87698778890988e-05, 0.00037472773248027, 0.00014574225238710384, 0.0002459991597183309, 0.00025123090433931943, 8.702323644073523e-05, 6.71915906767272e-05, 0.00014072884444045765, 3.8926186095779465e-05, 8.01984239988312e-05, 0.0001135359156570649, 0.00023887197611290853, 0.00017033086707774443, 0.00019819019855453704, 7.887461508344422e-05, 0.00019335771607478856, 0.00012804857832862993, 0.0002495968387049703, 0.0001236947561002855, 0.00022493008197253128, 8.454864406096173e-05, 9.521243159714776e-05, 0.00033957615118123584, 0.00021872750669557305, 0.00015147580443586846, 0.0008049752125151203, 0.00011444578828437367, 0.00018148628520472102, 7.122981367245323e-05, 0.00010911541046032277, 0.00021716682045750933, 0.000116902836381552, 0.00012648113870045033, 7.128111908190381e-05, 5.632987139401346e-05, 0.00019861990426150224, 0.00012191612168323424, 0.0002249096221181934, 9.306979426666267e-05, 0.00010485262755292846, 8.1892079686217e-05, 8.067916730541065e-05, 0.00025010372071180827, 0.00020434508424679024, 0.00010143369745621126, 9.293264305736869e-05, 9.148100513275388e-05, 8.581934262880765e-05, 0.00016724708275270994, 0.0001020737214280165, 0.000429410317627402, 7.06446557296394e-05, 0.0001322312596731842, 0.00014444570750303887, 0.00013532807240654502, 0.00010049973828752094, 0.00010696989698041053, 8.803410465360272e-05, 0.00011054106636521841, 0.0001302924969993495, 0.00010185100719588507, 9.751581032264899e-05, 9.300722535681615e-05, 0.0001450201597595101, 6.555106954416461e-05, 0.00011757534256467584, 8.145193179330384e-05, 8.165328328750005e-05, 0.00023701023467687487, 0.000637216059023689, 7.761828763331017e-05, 0.00012448685736693056, 6.137766961254054e-05, 0.00012424724048394395, 0.00012428573438964, 0.00010919463053326363, 0.00030941106280463334, 8.519709407072218e-05, 9.798226485243101e-05, 0.00015744127379202757, 0.00012354656313619424, 9.670526281227765e-05, 0.0001942117546937142, 5.786051656328183e-05], "acc": [1.0, 1.0, 1.0, 1.0, 1.0, 0.9998183139534884, 1.0, 0.9998183139534884, 1.0, 0.9998183139534884, 1.0, 1.0, 1.0, 1.0, 1.0, 1.0, 1.0, 0.9998183139534884, 1.0, 1.0, 1.0, 1.0, 1.0, 1.0, 1.0, 1.0, 1.0, 1.0, 1.0, 1.0, 1.0, 1.0, 1.0, 1.0, 1.0, 1.0, 1.0, 1.0, 0.9998183139534884, 1.0, 1.0, 0.9994549418604651, 1.0, 1.0, 1.0, 1.0, 1.0, 1.0, 1.0, 1.0, 1.0, 1.0, 1.0, 0.9998183139534884, 1.0, 1.0, 1.0, 1.0, 1.0, 1.0, 1.0, 1.0, 1.0, 1.0, 1.0, 1.0, 0.9998183139534884, 1.0, 1.0, 1.0, 1.0, 1.0, 1.0, 1.0, 1.0, 1.0, 1.0, 1.0, 1.0, 1.0, 1.0, 1.0, 1.0, 1.0, 1.0, 0.9998183139534884, 1.0, 1.0, 1.0, 1.0, 1.0, 1.0, 0.9998183139534884, 1.0, 1.0, 1.0, 1.0, 1.0, 0.9998183139534884, 1.0]}