{"val_loss": [0.015270032749675732, 0.008988541448792572, 0.008386196402797991, 0.03225052750239511, 0.01267495100135524], "val_acc": [0.9978448275862069, 0.9962284482758621, 0.9973060344827587, 0.9946120689655172, 0.9950738916256158], "loss": [0.0006994449682959511, 0.0008812705389663792, 0.0022566238667581654, 0.0008770879361662103, 0.0015447037248437418], "acc": [1.0, 0.9996366279069767, 0.9996366279069767, 0.9998183139534884, 0.9994549418604651]}