{"val_loss": [0.012301604925386888, 0.015334266314468926], "val_acc": [0.9973060344827587, 0.9973060344827587], "loss": [0.0011472981194662077, 0.0005564589264289426], "acc": [0.9994549418604651, 0.9998183139534884]}