{"val_loss": [0.008782680373981529, 0.0205052759432882, 0.01265201406558923, 0.016043414450263464, 0.0064233317959885745], "val_acc": [0.9973060344827587, 0.9967672413793104, 0.9973060344827587, 0.9973060344827587, 0.9972647702407003], "loss": [0.0011621627045817445, 0.0006956928049830399, 0.0012219831298001165, 0.0006687813634465952, 0.0016369689547387721], "acc": [0.9996366279069767, 0.9998183139534884, 0.9996366279069767, 1.0, 0.9990915697674418]}