{"val_loss": [0.012051203147090279, 0.01451957273625408, 0.012272938647679988, 0.01507648750695733, 0.0185456297055254, 0.014287430894420328, 0.01616429063072497, 0.02063632489105036, 0.013258630149907986, 0.020195026483319944, 0.0108951033464358, 0.01851056947117366, 0.01409752436959793, 0.005923276621149006, 0.01152348178929256, 0.026248433620395663, 0.013484175999316261, 0.02099435876916667, 0.014705320695076242, 0.004393030387995881, 0.02765927104711401, 0.015489492401038052, 0.015134682361298443, 0.006176604163064942, 0.003877067854404984, 0.039873882623425554, 0.01376048633395142, 0.011889637558244336, 0.016247677491498608, 0.015298857695710396, 0.02465182388569615, 0.02129376791293484, 0.005456419931558053, 0.02177624521207941, 0.013489972452175843, 0.0064853497656778124, 0.012985631495256248, 0.021959786504383565, 0.021619046665732305, 0.009264120302608763, 0.017863538776596057, 0.004477870374564685, 0.009387706792705498, 0.014129320511444646, 0.03136752773678084, 0.008137910252595122, 0.010255733027046462, 0.017810799810742482, 0.030909303713305438, 0.020271424913343987, 0.009033691324830295, 0.006739636287525809, 0.010622636511851037, 0.017009878922330055, 0.019693541508078834, 0.01845745063858352, 0.019688818558453447, 0.007233216604940504, 0.005634151959482822, 0.016936966051972525, 0.01909960594335819, 0.008170429939806824, 0.011127113043254009, 0.021746870045162313, 0.024839264169726455, 0.01323473229446582, 0.02956361619582012, 0.002324494015095881, 0.020715074503670917, 0.014742035919480572, 0.012458750818701911, 0.036882934779375556, 0.014179326627465445, 0.006160590343245174, 0.0018368816189148016, 0.03361507048413296, 0.014030952687395994, 0.010285125170545644, 0.013306655468162606, 0.011767077646926822, 0.009525700493866382, 0.028332405466017743, 0.008564517418525657, 0.008764351316188893, 0.021404264017417386, 0.014759112338003593, 0.024537269263814113, 0.02152242393898581, 0.01174141341999169, 0.01745149291400134, 0.008533851478296325, 0.019144637664320716, 0.016813035159863186, 0.013836018955668092, 0.01608772408015579, 0.009544182274061282, 0.006980835261575033, 0.02123643003558829, 0.019923056891286147, 0.01026114664813349], "val_acc": [0.9973060344827587, 0.9978448275862069, 0.9973060344827587, 0.9973060344827587, 0.9972647702407003, 0.9967672413793104, 0.9978448275862069, 0.9962284482758621, 0.9967672413793104, 0.9945295404814004, 0.9973060344827587, 0.9967672413793104, 0.9956896551724138, 0.9978448275862069, 0.9978118161925602, 0.9967672413793104, 0.9973060344827587, 0.9956896551724138, 0.9961706783369803, 0.9983836206896551, 0.9962284482758621, 0.9951508620689655, 0.9978448275862069, 0.9978118161925602, 0.9989224137931034, 0.994073275862069, 0.9973060344827587, 0.9962284482758621, 0.9956236323851203, 0.9967672413793104, 0.9956896551724138, 0.9967672413793104, 0.9978118161925602, 0.9962284482758621, 0.9967672413793104, 0.9989224137931034, 0.9978448275862069, 0.9967177242888403, 0.9967672413793104, 0.9973060344827587, 0.9967672413793104, 0.9989224137931034, 0.9967177242888403, 0.9978448275862069, 0.9973060344827587, 0.9967672413793104, 0.9972647702407003, 0.9956896551724138, 0.9973060344827587, 0.9967672413793104, 0.9973060344827587, 0.9989059080962801, 0.9989224137931034, 0.9973060344827587, 0.9956896551724138, 0.9967672413793104, 0.9961706783369803, 0.9973060344827587, 0.9978448275862069, 0.9973060344827587, 0.9983588621444202, 0.9978448275862069, 0.9989224137931034, 0.9951508620689655, 0.9967672413793104, 0.9956236323851203, 0.9962284482758621, 0.9989224137931034, 0.9956896551724138, 0.9973060344827587, 0.9978118161925602, 0.9956896551724138, 0.9978448275862069, 0.9989224137931034, 0.9994612068965517, 0.9956236323851203, 0.9956896551724138, 0.9967672413793104, 0.9962284482758621, 0.9972647702407003, 0.9967672413793104, 0.9967672413793104, 0.9967672413793104, 0.9978448275862069, 0.9967177242888403, 0.9962284482758621, 0.9967672413793104, 0.9956896551724138, 0.9973060344827587, 0.9972647702407003, 0.9973060344827587, 0.9967672413793104, 0.9967672413793104, 0.9956236323851203, 0.9973060344827587, 0.9962284482758621, 0.9989224137931034, 0.9978448275862069, 0.9956236323851203, 0.9983836206896551], "loss": [0.0006024838071197585, 0.00024010117426590823, 0.0004144635157163436, 0.0006459641455195113, 0.00036235836364341574, 0.00027820632111881033, 0.00010110406945272437, 0.00011005032462472352, 0.00011006921967723322, 0.0007636730735343203, 0.00016065948458383658, 0.0001638176533229102, 0.00034752604227110114, 0.0002904478665137043, 9.34208566407897e-05, 0.00037927819224203336, 0.0001537909821294978, 0.0001912448403347462, 0.00030406126484723605, 0.00044433267616177336, 0.00017186619503999821, 0.0006449536820025382, 0.0004614560010391542, 0.0002310478607621383, 0.0008033128883107962, 0.0002333258872326052, 0.00024352400146463604, 0.00015448594070791344, 0.00030222675900635625, 0.00015817431607320824, 0.0003528004726745642, 0.0006132282197437805, 0.0002198887225975917, 0.0002802084128395405, 0.0008368989138873953, 0.00010514209233813448, 0.00043312387277033955, 0.0002632320005839278, 7.971711755904243e-05, 0.00012742517886374306, 0.00018911934932071048, 0.0001873263758614162, 0.0002727850186787887, 0.00012592349329359654, 0.0004267448542015282, 0.00015696917143911648, 0.0001580848466906493, 0.00025714387500799346, 0.00035370164190281724, 0.0002332157898143739, 0.00035281122352572963, 0.000200611640095996, 0.00020305027785267674, 0.0005353004342086827, 0.0005647768140766027, 0.00010099223754117924, 0.0001700603387191254, 0.00028015785427998964, 0.00014612180124282825, 0.00022112278471041029, 0.00020049922442930845, 0.00020227584368122934, 0.0002884767890811661, 0.00034301298977682296, 0.00013168498042189238, 0.00037911774683978755, 0.00026596882038764166, 0.00027333060400809605, 0.00011037943810802168, 0.00015812804223598113, 0.00013236460486841097, 0.00017505129200252653, 0.0003176508382880734, 0.0005004845125175814, 0.00021421524716847513, 0.0004416815943019771, 0.0002469206643397776, 0.00026981029426788734, 0.0005353968912975313, 0.0003407834693211887, 0.0018368737362280615, 0.00042225525494180856, 0.0002591022159786827, 0.00022424401785869132, 0.00013210545764772585, 0.0003114478627301698, 0.00031508770729657084, 0.000719502237784727, 0.00038499713732040503, 0.0004935135235807276, 0.00010628416259673623, 0.00029713708101826474, 0.00024276799940826834, 0.00033568591142175877, 0.0002403169329894158, 0.00047225389869237763, 0.0017740678992352772, 0.00023430932907165982, 0.0007696996828006477, 0.00014518192802246059], "acc": [0.9998183139534884, 1.0, 1.0, 0.9996366279069767, 0.9998183139534884, 1.0, 1.0, 1.0, 1.0, 0.9998183139534884, 1.0, 1.0, 1.0, 1.0, 1.0, 0.9998183139534884, 1.0, 1.0, 1.0, 0.9998183139534884, 1.0, 0.9998183139534884, 0.9998183139534884, 1.0, 0.9996366279069767, 0.9998183139534884, 1.0, 1.0, 1.0, 1.0, 0.9998183139534884, 0.9998183139534884, 1.0, 1.0, 0.9998183139534884, 1.0, 0.9998183139534884, 1.0, 1.0, 1.0, 1.0, 1.0, 0.9998183139534884, 1.0, 1.0, 1.0, 1.0, 1.0, 1.0, 1.0, 0.9998183139534884, 1.0, 1.0, 0.9998183139534884, 0.9996366279069767, 1.0, 1.0, 0.9998183139534884, 1.0, 0.9998183139534884, 1.0, 1.0, 0.9998183139534884, 1.0, 1.0, 0.9998183139534884, 1.0, 0.9998183139534884, 1.0, 1.0, 1.0, 1.0, 1.0, 0.9998183139534884, 1.0, 0.9998183139534884, 0.9998183139534884, 1.0, 0.9998183139534884, 1.0, 0.9990915697674418, 0.9998183139534884, 1.0, 1.0, 1.0, 1.0, 0.9998183139534884, 0.9998183139534884, 1.0, 0.9998183139534884, 1.0, 1.0, 1.0, 0.9998183139534884, 1.0, 0.9998183139534884, 0.9994549418604651, 1.0, 0.9998183139534884, 1.0]}