{"val_loss": [0.008835086772592149, 0.019104814706518734, 0.009868535573542071, 0.015675167789646397, 0.007184490056725681], "val_acc": [0.9989224137931034, 0.9951508620689655, 0.9973060344827587, 0.9978448275862069, 0.9983588621444202], "loss": [0.0011801659939595236, 0.0007874911530977844, 0.0017773492150117659, 0.0004668847182087606, 0.0007286638250249336], "acc": [0.9996366279069767, 0.9998183139534884, 0.9994549418604651, 1.0, 0.9998183139534884]}