{"current_situation": {"epoch": 68, "val_loss": 0.03250272063855346, "val_acc": 0.9946120689655172, "loss": 0.0001139375573204966, "acc": 1.0, "epochs": 100}, "previous_situation": {"epoch": 67, "val_loss": 0.020838579592003775, "val_acc": 0.9956896551724138, "loss": 0.0002609965930626162, "acc": 0.9998183139534884, "epochs": 100}}